"userid";"password";"email";"fname";"lname";"phoneno"
"abigalef56";"test@123";"abigalef56@yahoo.com";"Wilde";"Abigale";"2147483647"
"alan367";"test@123";"alan367@gmail.com";"Padre";"Alanna";"2147483647"
"alannab367";"test@123";"alannab367@gmail.com";"Padre";"Alanna";"2147483647"
"alex1861";"test@123";"alex1861@gmail.com";"Binion";"Alex";"2147483647"
"alexander13";"test@123";"alexander13@yahoo.com";"Viny";"Alex";"2147483647"
"alexr861";"test@123";"alexr861@gmail.com";"Binion";"Alex";"2147483647"
"anna24abrah";"test@123";"abtahamy@unlv.nevada.edu";"Abrahamyam";"Anna";"2147483647"
"annmarya11";"test@123";"annmarya11@gmail.com";"Gary";"Annmary";"2147483647"
"annmarys11";"test@123";"annmarys11@gmail.com";"Gary";"Annmary";"2147483647"
"aquam7685";"test@123";"aquam7685@gmail.com";"Sheen";"Aqua";"2147483647"
"ash1234";"test@123";"kumara1@unlv.edu";"Ashish";"Nasa";"2147483647"
"baron43";"test@123";"baron43@gmail.com";"Smith";"Baron";"2147483647"
"baronm43";"test@123";"baronm43@gmail.com";"Smith";"Baron";"2147483647"
"barons143";"test@123";"barons143@gmail.com";"Smith";"Baron";"2147483647"
"benb661";"test@123";"benb661@yahoo.com";"Kapa";"Ben";"2147483647"
"benjamin661";"test@123";"benjamin661@yahoo.com";"Kapa";"Ben";"2147483647"
"billyrt";"test@123";"billyrt29@yahoo.com";"Madison";"Billy";"2147483647"
"bisonm67";"test@123";"bisonm67@hotmail.com";"Harley";"Bison";"2125438671"
"burts71";"test@123";"burts71@aol.com";"Ernie";"Burt";"2124351337"
"byzantine18";"test@123";"byzantine18@yahoo.com";"Young";"Byzantine";"2147483647"
"catherines541";"test@123";"catherines541@aol.com";"Bonita";"Catherine";"2125365471"
"chadg88";"test@123";"chadg88@gmail.com";"Puffin";"Chadwick";"2147483647"
"conie65";"test@123";"conie65@yahoo.com";"Nickle";"Connie";"2147483647"
"connieb651";"test@123";"connieb651@yahoo.com";"Nickle";"Connie";"2147483647"
"cracker132";"test@123";"cracker132@gmail.com";"Cracker";"Tony";"2147483647"
"cracker32";"test@123";"cracker32@gmail.com";"Cracker";"Tony";"2147483647"
"crackering32";"test@123";"crackering32@gmail.com";"Cracker";"Tony";"2147483647"
"crackering932";"test@123";"crackering932@gmail.com";"Cracker";"Tony";"2147483647"
"denturea65";"test@123";"denturea65@hotmail.com";"Barry";"Haskins";"2147483647"
"dentures65";"test@123";"dentures65@hotmail.com";"Barry";"Haskins";"2147483647"
"dipsticka41";"test@123";"dipsticka41@yahoo.com";"Bird";"Jerry";"2124358765"
"dipsticks41";"test@123";"dipsticks41@yahoo.com";"Bird";"Jerry";"2124353765"
"erinie586";"test@123";"erinie586@aol.com";"Deluxe";"Erin";"2147483647"
"erins586";"test@123";"erins586@aol.com";"Deluxe";"Erin";"2147483647"
"fransb161";"test@123";"fransb161@yahoo.com";"Garner";"Frans";"2147483647"
"franscicanm16";"test@123";"franscicanm16@yahoo.com";"Garner";"Frans";"2147483647"
"gabbie59";"test@123";"gabbie59@hotmail.com";"Villa";"Gabby";"2147483647"
"gabbyb59";"test@123";"gabbyb59@hotmail.com";"Villa";"Gabby";"2147483647"
"ghpar1325";"test@123";"pardee@unlv.nevada.edu";"Pardee";"Garret";"2147483647"
"gradysr25";"test@123";"gradysr25@hotmail.com";"Biffart";"Grady";"2147483647"
"greg68765";"test@123";"greg68756@hotmail.com";"Holland";"Gregory";"2147483647"
"gregr6871";"test@123";"gregr6871@hotmail.com";"Holland";"Gregory";"2147483647"
"hanmanm45";"test@123";"hanmanm45@yahoo.com";"Hanson";"Billie";"2147483647"
"hansb4751";"test@123";"hansb4751@hotmail.com";"Parker";"Hans";"2147483647"
"hazels123";"test@123";"hazels123@yahoo.com";"Thatch";"Hazel";"2147483647"
"heavenm843";"test@123";"heavenm843@yahoo.com";"Beaver";"Heaven";"2147483647"
"heavens843";"test@123";"heavens843@yahoo.com";"Beaver";"Heaven";"2147483647"
"hecterf007";"test@123";"hectorf007@gmail.com";"Gonzalez";"Hector";"2147483647"
"hollyr11";"test@123";"hollyr11@gmail.com";"Upton";"Holly";"2147483647"
"hottie134";"test@123";"hottie134@hotmail.com";"Hughes";"Hottie";"2147483647"
"hottieb341";"test@123";"hottieb341@hotmail.com";"Hughes";"Hottie";"2147483647"
"jackiem31";"test@123";"jackiem31@hotmail.com";"Sinclair";"Jackie";"2147483647"
"jackies31";"test@123";"jackies31@hotmail.com";"Sinclair";"Jackie";"2147483647"
"jayla461";"test@123";"jaylas46@gmail.com";"Jerome";"Jayla";"2147483647"
"jaylam46";"test@123";"jaylam46@gmail.com";"Jerome";"Jayla";"2147483647"
"jefferyg45";"test@123";"jefferyg45@gmail.com";"Glimpse";"Jeffery";"2147483647"
"jillb34";"test@123";"jillb34@gmail.com";"Feeder";"Jill";"2147483647"
"jillian34";"test@123";"jillian34@gmail.com";"Feeder";"Jill";"2147483647"
"justin187";"test@123";"justin187@hotmail.com";"Dime";"Lindsey";"2123158477"
"justinal87";"test@123";"justinal87@hotmail.com";"Dime";"Lindsey";"2123458377"
"justinuk87";"test@123";"justinuk87@hotmail.com";"Dime";"Lindsey";"2123418477"
"kelly7319";"test@123";"kelly7319@yahoo.com";"Stephens";"Kelly";"2147483647"
"leftyeye24";"test@123";"leftyeye24@hotmail.com";"Right";"Lefty";"2147483647"
"leftym2476";"test@123";"leftym2476@hotmail.com";"Right";"Lefty";"2147483647"
"lelands43";"test@123";"lelands43@aol.com";"Scott";"Leland";"2124733451"
"lexs13";"test@123";"lexs13@yahoo.com";"Viny";"Alex";"2147483647"
"lindsy23";"test@123";"lindsy23@yahoo.com";"Biscoffee";"Lindsay";"2147483647"
"mandy187";"test@123";"mandy187@hotmail.com";"McCormick";"Mandy";"2147483647"
"mandyb187";"test@123";"mandyb187@hotmail.com";"McCormick";"Mandy";"2147483647"
"micheal145";"test@123";"micheal145@gmail.com";"Corleone";"Micheal";"2147483647"
"michealr45";"test@123";"michealr45@gmail.com";"Corleone";"Micheal";"2147483647"
"michellef78";"test@123";"michellef78@gmail.com";"Wynn";"Michelle";"2147483647"
"michelles92";"test@123";"michelles92@yahoo.com";"Sparks";"Michelle";"2147483647"
"mickis392";"test@123";"micksi392@yahoo.com";"Sparks";"Michelle";"2147483647"
"mitch192";"test@123";"mitch192@yahoo.com";"Sparks";"Michelle";"2147483647"
"monstermb45";"test@123";"monstermb45@aol.com";"Allan";"Monster";"2147483647"
"morganb23";"test@123";"morganb23@hotmail.com";"Starr";"Morgan";"2147483647"
"morgannam23";"test@123";"morgannam23@hotmail.com";"Starr";"Morgan";"2147483647"
"nadaly49";"test@123";"nadaly49@yahoo.com";"Mahal";"Nadaly";"2147483647"
"nancy99";"test@123";"nancy99@aol.com";"Apple";"Nancy";"2147483647"
"nancym99";"test@123";"nancym99@aol.com";"Apple";"Nancy";"2147483647"
"nancys199";"test@123";"nancys199@aol.com";"Apple";"Nancy";"2147483647"
"nathan2375";"test@123";"nathan2375@gmail.com";"Huxley";"Nathan";"2147483647"
"nicolr45";"test@123";"nicolr45@hotmail.com";"Simp";"Nicole";"2147483647"
"pascalm11";"test@123";"pascalm11@gmail.com";"Finger";"Pascal";"2147483647"
"pastoral45";"test@123";"pastoral45@yahoo.com";"Dutch";"Pastor";"2147483647"
"pastorm456";"test@123";"pastorm456@yahoo.com";"Dutch";"Pastor";"2147483647"
"patrickb231";"test@123";"patrickb231@hotmail.com";"Mahomes";"Patrick";"2147483647"
"pattie668";"test@123";"pattie668@gmail.com";"Higgins";"Pattie";"2147483647"
"pattie668095";"test@123";"pattie668095@gmail.com";"Higgins";"Pattie";"2147483647"
"pat_rick23";"test@123";"pat_rick23@hotmail.com";"Mahomes";"Patrick";"2147483647"
"peterduggana3847";"test@123";"peterda3847@aol.com";"Duggan";"Peter";"2147483647"
"peterduggans3847";"test@123";"peterds3847@aol.com";"Duggan";"Peter";"2147483647"
"peterpanb35";"test@123";"peterpanb35@yahoo.com";"Pan";"Peter";"2147483647"
"peterpanman35";"test@123";"peterpanman35@yahoo.com";"Pan";"Peter";"2147483647"
"piglet55";"test@123";"piglet55@yahoo.com";"Jimmie";"Piglet";"2147483647"
"pinkies5634";"test@123";"pinkies5634@aol.com";"Missy";"Pinkie";"2123456957"
"pizza187";"test@123";"pizza187@yahoo.com";"Eddie";"Pizza";"2147483647"
"pizzaboy87";"test@123";"pizzaboy87@yahoo.com";"Eddie";"Pizza";"2147483647"
"pizzaroma87";"test@123";"pizzaroma87@yahoo.com";"Eddie";"Pizza";"2147483647"
"pizzas987";"test@123";"pizzas987@yahoo.com";"Eddie";"Pizza";"2147483647"
"randy5676";"test@123";"randy5676@yahoo.com";"Ginnes";"Randy";"2147483647"
"randyr156";"test@123";"randyr156@yahoo.com";"Ginnes";"Randy";"2147483647"
"rascalg335";"test@123";"rascallg335@yahoo.com";"Jimmy";"Rascal";"2147483647"
"rogerb231";"test@123";"rogerb231@gmail.com";"Newman";"Roger";"2147483647"
"samuel135";"test@123";"samuel135@yahoo.com";"Ugak";"Samuel";"2147483647"
"sarah22";"test@123";"sarah22@yahoo.com";"Hiern";"Sarah";"2147483647"
"sean145";"test@123";"sean145@yahoo.com";"Gillak";"Sean";"2147483647"
"seanb145";"test@123";"seanb145@yahoo.com";"Gillak";"Sean";"2147483647"
"shine33lou";"test@123";"lou1@unlv.nevada.edu";"Xianxiang";"Lou";"2147483647"
"spiritm345";"test@123";"spiritm345@hotmail.com";"Lucky";"Spirit";"2147483647"
"spirits345";"test@123";"spirits345@hotmail.com";"Lucky";"Spirit";"2147483647"
"susanb347";"test@123";"susanb347@hotmail.com";"Malloy";"Susan";"2147483647"
"susanne347";"test@123";"susanne347@hotmail.com";"Malloy";"Susan";"2147483647"
"tahoem589";"test@123";"tahoem589@gmail.com";"Raylene";"Tahoe";"2147483647"
"tahoes589";"test@123";"tahoes589@gmail.com";"Raylene";"Tahoe";"2147483647"
"toothpicks56";"test@123";"toothpicks56@gmail.com";"Hen";"Sack";"2147483647"
"tubya83";"test@123";"tubya83@aol.com";"Flynn";"Nicholas";"2122345817"
"tubys83";"test@123";"tubys83@aol.com";"Flynn";"Nicholas";"2122345167"
"ukalelef66";"test@123";"ukalelef66@hotmail.com";"Hendrix";"Ukalele";"2147483647"
"victorpachenko92";"test@123";"victorcp@yahoo.com";"Pachenko";"Victor";"2147483647"
"victorpachenkos92";"test@123";"victorcps@yahoo.com";"Pachenko";"Victor";"2147483647"
"winkies37508";"test@123";"winkies37508@yahoo.com";"McGee";"Winkie";"2147483647"
"winston";"test@123";"winston45@yahoo.com";"Winston";"Chappy";"2147483647"
"wondi39gemta";"test@123";"gemta@unlv.nevada.edu";"Gemta";"Wondimu";"2147483647"
"xerox134";"test@123";"xerox134@yahoo.com";"Laroux";"Xerox";"2147483647"
"xeroxb134";"test@123";"xeroxb134@yahoo.com";"Laroux";"Xerox";"2147483647"
"xiana23";"test@123";"xiana23@aol.com";"Su";"Xian";"2125319956"
"xians23";"test@123";"xians23@aol.com";"Su";"Xian";"2125349936"
"yellowm65";"test@123";"yellowm65@yahoo.com";"Bumble";"Bee";"2147483647"
"yukongold";"test@123";"yukongold@aol.com";"Arron";"Gold";"2123216516"
